<TICKER>;<PER>;<DATE>;<TIME>;<OPEN>;<HIGH>;<LOW>;<CLOSE>;<VOL>
MOEX.QGDO:TQBR;60;24/11/20;19:00:00;2674.5000000;3023.0000000;2674.5000000;2820.0000000;263265
MOEX.QGDO:TQBR;60;24/11/20;20:00:00;2830.0000000;3189.0000000;2830.0000000;3188.5000000;390106
MOEX.QGDO:TQBR;60;24/11/20;21:00:00;3188.5000000;3192.5000000;3000.0000000;3090.0000000;363755
MOEX.QGDO:TQBR;60;24/11/20;22:00:00;3087.0000000;3192.5000000;3035.5000000;3085.0000000;484556
MOEX.QGDO:TQBR;60;24/11/20;23:00:00;3085.0000000;3099.0000000;3025.0000000;3037.5000000;139071
MOEX.QGDO:TQBR;60;25/11/20;00:00:00;3036.0000000;3047.0000000;3025.0000000;3033.0000000;110999
MOEX.QGDO:TQBR;60;25/11/20;11:00:00;3150.5000000;3282.0000000;3070.0000000;3130.0000000;420492
MOEX.QGDO:TQBR;60;25/11/20;12:00:00;3130.0000000;3133.0000000;2888.0000000;2950.0000000;229073
MOEX.QGDO:TQBR;60;25/11/20;13:00:00;2950.0000000;3046.0000000;2940.5000000;3012.0000000;103411
MOEX.QGDO:TQBR;60;25/11/20;14:00:00;3012.0000000;3035.0000000;3007.0000000;3013.0000000;50381
MOEX.QGDO:TQBR;60;25/11/20;15:00:00;3013.5000000;3031.0000000;3004.5000000;3029.5000000;42573
MOEX.QGDO:TQBR;60;25/11/20;16:00:00;3029.0000000;3032.0000000;3021.0000000;3030.0000000;25814
MOEX.QGDO:TQBR;60;25/11/20;17:00:00;3031.5000000;3079.0000000;3026.0000000;3075.0000000;86978
MOEX.QGDO:TQBR;60;25/11/20;18:00:00;3075.0000000;3099.0000000;3029.0000000;3065.0000000;87770
MOEX.QGDO:TQBR;60;25/11/20;19:00:00;3065.0000000;3067.5000000;3001.0000000;3030.0000000;76796
MOEX.QGDO:TQBR;60;25/11/20;20:00:00;3030.0000000;3048.0000000;3001.0000000;3016.0000000;35107
MOEX.QGDO:TQBR;60;25/11/20;21:00:00;3018.5000000;3030.0000000;3010.0000000;3023.5000000;39149
MOEX.QGDO:TQBR;60;25/11/20;22:00:00;3023.5000000;3029.0000000;3012.5000000;3025.0000000;25544
MOEX.QGDO:TQBR;60;25/11/20;23:00:00;3025.0000000;3029.0000000;3005.0000000;3008.0000000;10127
MOEX.QGDO:TQBR;60;26/11/20;00:00:00;3008.0000000;3014.0000000;2937.0000000;2954.0000000;50149
MOEX.QGDO:TQBR;60;26/11/20;11:00:00;3000.0000000;3002.0000000;2924.5000000;2941.5000000;49430
MOEX.QGDO:TQBR;60;26/11/20;12:00:00;2941.5000000;2959.0000000;2938.0000000;2949.0000000;20756
MOEX.QGDO:TQBR;60;26/11/20;13:00:00;2949.0000000;2952.5000000;2938.5000000;2940.0000000;12915
MOEX.QGDO:TQBR;60;26/11/20;14:00:00;2940.0000000;2940.0000000;2925.0000000;2938.0000000;27839
MOEX.QGDO:TQBR;60;26/11/20;15:00:00;2937.5000000;2942.0000000;2932.5000000;2940.0000000;12413
MOEX.QGDO:TQBR;60;26/11/20;16:00:00;2940.5000000;2945.0000000;2934.0000000;2938.0000000;10987
MOEX.QGDO:TQBR;60;26/11/20;17:00:00;2938.0000000;2945.5000000;2938.0000000;2945.5000000;11801
MOEX.QGDO:TQBR;60;26/11/20;18:00:00;2945.5000000;2955.5000000;2942.0000000;2955.0000000;15166
MOEX.QGDO:TQBR;60;26/11/20;19:00:00;2955.5000000;2956.0000000;2950.0000000;2950.5000000;9985
MOEX.QGDO:TQBR;60;26/11/20;20:00:00;2950.0000000;2954.5000000;2900.5000000;2939.0000000;10446
MOEX.QGDO:TQBR;60;26/11/20;21:00:00;2940.0000000;2940.0000000;2938.5000000;2939.0000000;3765
MOEX.QGDO:TQBR;60;26/11/20;22:00:00;2939.0000000;2940.0000000;2930.5000000;2939.5000000;3803
MOEX.QGDO:TQBR;60;26/11/20;23:00:00;2940.0000000;2950.0000000;2938.0000000;2950.0000000;3058
MOEX.QGDO:TQBR;60;27/11/20;00:00:00;2950.0000000;2950.0000000;2939.0000000;2944.0000000;1566
MOEX.QGDO:TQBR;60;27/11/20;11:00:00;2965.5000000;2995.0000000;2935.0000000;2952.0000000;44192
MOEX.QGDO:TQBR;60;27/11/20;12:00:00;2952.0000000;2960.0000000;2950.0000000;2958.0000000;10383
MOEX.QGDO:TQBR;60;27/11/20;13:00:00;2955.5000000;2975.0000000;2955.5000000;2973.5000000;10298
MOEX.QGDO:TQBR;60;27/11/20;14:00:00;2972.0000000;2980.0000000;2972.0000000;2980.0000000;11186
MOEX.QGDO:TQBR;60;27/11/20;15:00:00;2980.0000000;2980.0000000;2972.0000000;2979.5000000;9205
MOEX.QGDO:TQBR;60;27/11/20;16:00:00;2979.5000000;2980.0000000;2969.0000000;2972.0000000;21338
MOEX.QGDO:TQBR;60;27/11/20;17:00:00;2971.5000000;2974.5000000;2960.0000000;2970.5000000;15786
MOEX.QGDO:TQBR;60;27/11/20;18:00:00;2970.5000000;2999.0000000;2913.0000000;2969.5000000;78597
MOEX.QGDO:TQBR;60;27/11/20;19:00:00;2969.5000000;3008.0000000;2960.0000000;3000.0000000;43714
MOEX.QGDO:TQBR;60;27/11/20;20:00:00;3033.5000000;3082.0000000;3010.0000000;3015.0000000;54922
MOEX.QGDO:TQBR;60;27/11/20;21:00:00;3015.0000000;3044.0000000;3003.0000000;3044.0000000;26629
MOEX.QGDO:TQBR;60;27/11/20;22:00:00;3042.5000000;3044.0000000;3020.0000000;3027.0000000;5274
MOEX.QGDO:TQBR;60;27/11/20;23:00:00;3027.0000000;3029.5000000;3022.0000000;3024.5000000;2072
MOEX.QGDO:TQBR;60;28/11/20;00:00:00;3024.0000000;3026.5000000;3021.0000000;3025.0000000;2587
MOEX.QGDO:TQBR;60;30/11/20;11:00:00;2999.5000000;3023.0000000;2976.0000000;3015.5000000;10675
MOEX.QGDO:TQBR;60;30/11/20;12:00:00;3015.5000000;3028.0000000;3014.5000000;3017.5000000;5891
MOEX.QGDO:TQBR;60;30/11/20;13:00:00;3017.5000000;3020.0000000;3010.5000000;3012.5000000;10946
MOEX.QGDO:TQBR;60;30/11/20;14:00:00;3012.5000000;3016.5000000;3009.0000000;3009.0000000;12423
MOEX.QGDO:TQBR;60;30/11/20;15:00:00;3009.0000000;3009.5000000;2967.5000000;3009.0000000;28631
MOEX.QGDO:TQBR;60;30/11/20;16:00:00;3009.0000000;3019.0000000;3000.0000000;3016.0000000;14072
MOEX.QGDO:TQBR;60;30/11/20;17:00:00;3015.5000000;3019.0000000;3007.5000000;3015.0000000;8463
MOEX.QGDO:TQBR;60;30/11/20;18:00:00;3015.0000000;3050.0000000;3000.0000000;3046.0000000;37598
MOEX.QGDO:TQBR;60;30/11/20;19:00:00;3046.0000000;3050.0000000;3025.0000000;3047.5000000;10671
MOEX.QGDO:TQBR;60;30/11/20;20:00:00;3080.0000000;3140.0000000;3058.0000000;3064.0000000;39221
MOEX.QGDO:TQBR;60;30/11/20;21:00:00;3066.0000000;3082.5000000;3064.0000000;3078.0000000;9153
MOEX.QGDO:TQBR;60;30/11/20;22:00:00;3077.5000000;3090.0000000;3075.0000000;3084.0000000;12428
MOEX.QGDO:TQBR;60;30/11/20;23:00:00;3086.0000000;3090.0000000;3050.0000000;3063.5000000;6376
MOEX.QGDO:TQBR;60;01/12/20;00:00:00;3063.5000000;3071.0000000;3054.5000000;3071.0000000;3468
MOEX.QGDO:TQBR;60;01/12/20;11:00:00;3049.5000000;3097.0000000;3001.0000000;3010.5000000;21975
MOEX.QGDO:TQBR;60;01/12/20;12:00:00;3006.0000000;3044.0000000;3005.0000000;3041.0000000;14064
MOEX.QGDO:TQBR;60;01/12/20;13:00:00;3041.0000000;3043.5000000;3030.0000000;3041.0000000;3758
MOEX.QGDO:TQBR;60;01/12/20;14:00:00;3041.0000000;3046.5000000;3005.0000000;3012.5000000;15134
MOEX.QGDO:TQBR;60;01/12/20;15:00:00;3012.0000000;3025.5000000;3000.5000000;3021.0000000;15505
MOEX.QGDO:TQBR;60;01/12/20;16:00:00;3020.5000000;3032.0000000;3020.5000000;3022.0000000;5571
MOEX.QGDO:TQBR;60;01/12/20;17:00:00;3022.0000000;3034.5000000;3021.5000000;3033.0000000;4675
MOEX.QGDO:TQBR;60;01/12/20;18:00:00;3034.5000000;3037.5000000;3020.0000000;3027.5000000;17477
MOEX.QGDO:TQBR;60;01/12/20;19:00:00;3027.0000000;3031.5000000;3020.5000000;3027.0000000;17071
MOEX.QGDO:TQBR;60;01/12/20;20:00:00;3027.0000000;3033.0000000;3020.5000000;3027.5000000;2104
MOEX.QGDO:TQBR;60;01/12/20;21:00:00;3029.0000000;3058.0000000;3024.5000000;3038.5000000;10244
MOEX.QGDO:TQBR;60;01/12/20;22:00:00;3036.5000000;3056.5000000;3031.5000000;3052.5000000;8594
MOEX.QGDO:TQBR;60;01/12/20;23:00:00;3051.0000000;3064.5000000;3048.0000000;3055.5000000;8578
MOEX.QGDO:TQBR;60;02/12/20;00:00:00;3059.0000000;3061.0000000;3040.0000000;3059.5000000;5685
MOEX.QGDO:TQBR;60;02/12/20;11:00:00;3031.0000000;3050.0000000;3015.0000000;3024.0000000;11447
MOEX.QGDO:TQBR;60;02/12/20;12:00:00;3025.5000000;3029.0000000;3020.0000000;3023.5000000;3008
MOEX.QGDO:TQBR;60;02/12/20;13:00:00;3023.5000000;3029.0000000;3020.5000000;3023.5000000;3800
MOEX.QGDO:TQBR;60;02/12/20;14:00:00;3023.5000000;3029.0000000;3019.5000000;3028.0000000;14162
MOEX.QGDO:TQBR;60;02/12/20;15:00:00;3028.0000000;3030.0000000;3019.5000000;3025.0000000;2171
MOEX.QGDO:TQBR;60;02/12/20;16:00:00;3025.0000000;3028.5000000;3017.5000000;3024.0000000;3510
MOEX.QGDO:TQBR;60;02/12/20;17:00:00;3024.5000000;3024.5000000;3016.0000000;3016.5000000;4345
MOEX.QGDO:TQBR;60;02/12/20;18:00:00;3016.5000000;3025.0000000;3003.0000000;3017.0000000;27497
MOEX.QGDO:TQBR;60;02/12/20;19:00:00;3016.5000000;3025.0000000;3005.0000000;3010.5000000;5049
MOEX.QGDO:TQBR;60;02/12/20;20:00:00;3010.0000000;3025.0000000;3004.0000000;3014.5000000;3291
MOEX.QGDO:TQBR;60;02/12/20;21:00:00;3015.0000000;3023.0000000;3010.0000000;3014.0000000;2469
MOEX.QGDO:TQBR;60;02/12/20;22:00:00;3014.0000000;3019.0000000;3010.0000000;3014.0000000;2426
MOEX.QGDO:TQBR;60;02/12/20;23:00:00;3014.0000000;3025.0000000;3010.0000000;3024.0000000;6545
MOEX.QGDO:TQBR;60;03/12/20;00:00:00;3024.0000000;3230.0000000;3024.0000000;3184.0000000;174454
MOEX.QGDO:TQBR;60;03/12/20;11:00:00;3129.0000000;3150.0000000;3085.5000000;3108.0000000;30962
MOEX.QGDO:TQBR;60;03/12/20;12:00:00;3108.5000000;3160.0000000;3100.0000000;3127.0000000;27904
MOEX.QGDO:TQBR;60;03/12/20;13:00:00;3127.0000000;3169.5000000;3123.0000000;3158.0000000;25103
MOEX.QGDO:TQBR;60;03/12/20;14:00:00;3158.0000000;3166.0000000;3140.0000000;3158.5000000;16394
MOEX.QGDO:TQBR;60;03/12/20;15:00:00;3160.5000000;3169.5000000;3156.0000000;3164.0000000;22809
MOEX.QGDO:TQBR;60;03/12/20;16:00:00;3166.0000000;3199.0000000;3164.5000000;3195.5000000;25875
MOEX.QGDO:TQBR;60;03/12/20;17:00:00;3195.0000000;3223.5000000;3190.5000000;3221.5000000;56684
MOEX.QGDO:TQBR;60;03/12/20;18:00:00;3222.0000000;3424.0000000;3217.5000000;3382.0000000;241975
MOEX.QGDO:TQBR;60;03/12/20;19:00:00;3384.0000000;3548.0000000;3375.0000000;3492.0000000;137075
MOEX.QGDO:TQBR;60;03/12/20;20:00:00;3492.0000000;3524.0000000;3330.0000000;3478.0000000;129332
MOEX.QGDO:TQBR;60;03/12/20;21:00:00;3477.5000000;3488.0000000;3421.5000000;3477.0000000;43107
MOEX.QGDO:TQBR;60;03/12/20;22:00:00;3476.0000000;3520.0000000;3425.0000000;3464.5000000;34594
MOEX.QGDO:TQBR;60;03/12/20;23:00:00;3468.0000000;3549.5000000;3450.5000000;3540.0000000;48414
MOEX.QGDO:TQBR;60;04/12/20;00:00:00;3540.0000000;3649.0000000;3539.5000000;3614.5000000;71994
MOEX.QGDO:TQBR;60;04/12/20;11:00:00;3589.5000000;3984.0000000;3570.5000000;3822.0000000;247585
MOEX.QGDO:TQBR;60;04/12/20;12:00:00;3822.0000000;3849.5000000;3662.0000000;3720.0000000;107452
MOEX.QGDO:TQBR;60;04/12/20;13:00:00;3720.0000000;3744.5000000;3650.5000000;3719.5000000;75802
MOEX.QGDO:TQBR;60;04/12/20;14:00:00;3719.0000000;3813.0000000;3711.0000000;3782.0000000;46500
MOEX.QGDO:TQBR;60;04/12/20;15:00:00;3782.0000000;3787.5000000;3700.0000000;3716.0000000;50310
MOEX.QGDO:TQBR;60;04/12/20;16:00:00;3716.0000000;3730.0000000;3661.5000000;3694.5000000;60637
MOEX.QGDO:TQBR;60;04/12/20;17:00:00;3693.5000000;3730.0000000;3693.0000000;3709.0000000;37462
MOEX.QGDO:TQBR;60;04/12/20;18:00:00;3705.0000000;3715.0000000;3450.0000000;3560.0000000;161941
MOEX.QGDO:TQBR;60;04/12/20;19:00:00;3560.0000000;3582.5000000;3428.5000000;3450.5000000;67065
MOEX.QGDO:TQBR;60;04/12/20;20:00:00;3500.0000000;3675.0000000;3470.5000000;3673.0000000;64574
MOEX.QGDO:TQBR;60;04/12/20;21:00:00;3673.0000000;3774.0000000;3612.0000000;3657.5000000;113848
MOEX.QGDO:TQBR;60;04/12/20;22:00:00;3652.5000000;3665.5000000;3600.0000000;3654.0000000;30478
MOEX.QGDO:TQBR;60;04/12/20;23:00:00;3654.0000000;3663.0000000;3636.0000000;3652.5000000;11413
MOEX.QGDO:TQBR;60;05/12/20;00:00:00;3651.0000000;3652.5000000;3540.0000000;3556.0000000;27713
MOEX.QGDO:TQBR;60;07/12/20;11:00:00;3567.0000000;3675.0000000;3511.5000000;3621.5000000;68417
MOEX.QGDO:TQBR;60;07/12/20;12:00:00;3622.0000000;3647.0000000;3555.0000000;3577.0000000;25941
MOEX.QGDO:TQBR;60;07/12/20;13:00:00;3577.0000000;3610.0000000;3575.0000000;3605.0000000;13502
MOEX.QGDO:TQBR;60;07/12/20;14:00:00;3604.5000000;3606.0000000;3577.0000000;3587.5000000;10284
MOEX.QGDO:TQBR;60;07/12/20;15:00:00;3585.5000000;3588.5000000;3561.0000000;3562.5000000;10459
MOEX.QGDO:TQBR;60;07/12/20;16:00:00;3563.5000000;3579.0000000;3516.0000000;3528.0000000;12803
MOEX.QGDO:TQBR;60;07/12/20;17:00:00;3527.5000000;3549.0000000;3482.5000000;3485.0000000;21397
MOEX.QGDO:TQBR;60;07/12/20;18:00:00;3482.5000000;3570.0000000;3445.0000000;3477.0000000;78884
MOEX.QGDO:TQBR;60;07/12/20;19:00:00;3479.5000000;3481.0000000;3351.5000000;3417.0000000;85945
MOEX.QGDO:TQBR;60;07/12/20;20:00:00;3429.5000000;3508.5000000;3420.0000000;3495.5000000;30043
MOEX.QGDO:TQBR;60;07/12/20;21:00:00;3495.0000000;3505.0000000;3480.0000000;3492.5000000;15815
MOEX.QGDO:TQBR;60;07/12/20;22:00:00;3492.5000000;3505.0000000;3482.0000000;3482.5000000;7104
MOEX.QGDO:TQBR;60;07/12/20;23:00:00;3482.5000000;3482.5000000;3441.0000000;3454.0000000;10561
MOEX.QGDO:TQBR;60;08/12/20;00:00:00;3453.5000000;3453.5000000;3411.5000000;3422.0000000;13411
MOEX.QGDO:TQBR;60;08/12/20;11:00:00;3429.5000000;3495.0000000;3425.0000000;3459.0000000;30490
MOEX.QGDO:TQBR;60;08/12/20;12:00:00;3459.0000000;3460.0000000;3420.0000000;3437.0000000;12824
MOEX.QGDO:TQBR;60;08/12/20;13:00:00;3437.0000000;3440.0000000;3390.5000000;3390.5000000;11344
MOEX.QGDO:TQBR;60;08/12/20;14:00:00;3390.0000000;3404.0000000;3333.0000000;3335.0000000;32127
MOEX.QGDO:TQBR;60;08/12/20;15:00:00;3333.0000000;3367.0000000;3260.0000000;3360.0000000;61333
MOEX.QGDO:TQBR;60;08/12/20;16:00:00;3364.0000000;3390.0000000;3350.0000000;3361.5000000;14309
MOEX.QGDO:TQBR;60;08/12/20;17:00:00;3364.0000000;3375.0000000;3350.0000000;3360.0000000;12988
MOEX.QGDO:TQBR;60;08/12/20;18:00:00;3360.0000000;3460.0000000;3310.5000000;3448.0000000;70350
MOEX.QGDO:TQBR;60;08/12/20;19:00:00;3447.5000000;3458.0000000;3370.0000000;3384.0000000;24816
MOEX.QGDO:TQBR;60;08/12/20;20:00:00;3384.0000000;3419.5000000;3362.5000000;3413.0000000;10976
MOEX.QGDO:TQBR;60;08/12/20;21:00:00;3413.0000000;3447.5000000;3410.0000000;3422.5000000;10988
MOEX.QGDO:TQBR;60;08/12/20;22:00:00;3422.5000000;3422.5000000;3380.0000000;3400.0000000;6747
MOEX.QGDO:TQBR;60;08/12/20;23:00:00;3400.0000000;3414.0000000;3385.0000000;3402.0000000;4941
MOEX.QGDO:TQBR;60;09/12/20;00:00:00;3402.0000000;3485.0000000;3400.0000000;3471.0000000;15939
MOEX.QGDO:TQBR;60;09/12/20;11:00:00;3513.5000000;3545.5000000;3490.0000000;3523.0000000;42723
MOEX.QGDO:TQBR;60;09/12/20;12:00:00;3524.5000000;3543.0000000;3506.0000000;3528.5000000;21105
MOEX.QGDO:TQBR;60;09/12/20;13:00:00;3529.0000000;3580.0000000;3520.0000000;3575.5000000;27256
MOEX.QGDO:TQBR;60;09/12/20;14:00:00;3577.0000000;3600.0000000;3562.0000000;3577.5000000;36928
MOEX.QGDO:TQBR;60;09/12/20;15:00:00;3578.0000000;3585.0000000;3520.0000000;3545.0000000;27146
MOEX.QGDO:TQBR;60;09/12/20;16:00:00;3544.5000000;3560.5000000;3534.0000000;3535.0000000;12511
MOEX.QGDO:TQBR;60;09/12/20;17:00:00;3535.0000000;3552.5000000;3534.5000000;3548.0000000;10625
MOEX.QGDO:TQBR;60;09/12/20;18:00:00;3547.0000000;3593.0000000;3506.0000000;3538.5000000;52600
MOEX.QGDO:TQBR;60;09/12/20;19:00:00;3539.5000000;3541.0000000;3516.0000000;3530.0000000;9140
MOEX.QGDO:TQBR;60;09/12/20;20:00:00;3530.0000000;3530.0000000;3425.5000000;3438.0000000;30920
MOEX.QGDO:TQBR;60;09/12/20;21:00:00;3438.0000000;3442.5000000;3361.0000000;3401.5000000;59078
MOEX.QGDO:TQBR;60;09/12/20;22:00:00;3401.5000000;3401.5000000;3300.0000000;3312.5000000;60352
MOEX.QGDO:TQBR;60;09/12/20;23:00:00;3314.0000000;3324.5000000;3300.0000000;3314.0000000;34824
MOEX.QGDO:TQBR;60;10/12/20;00:00:00;3314.0000000;3316.0000000;3300.0000000;3301.0000000;25043
MOEX.QGDO:TQBR;60;10/12/20;11:00:00;3348.5000000;3380.0000000;3314.0000000;3359.0000000;39957
MOEX.QGDO:TQBR;60;10/12/20;12:00:00;3359.0000000;3371.0000000;3348.5000000;3369.0000000;11512
MOEX.QGDO:TQBR;60;10/12/20;13:00:00;3365.5000000;3368.5000000;3350.0000000;3352.0000000;7833
MOEX.QGDO:TQBR;60;10/12/20;14:00:00;3352.0000000;3360.0000000;3330.0000000;3339.0000000;15977
MOEX.QGDO:TQBR;60;10/12/20;15:00:00;3342.0000000;3347.0000000;3330.0000000;3332.0000000;5133
MOEX.QGDO:TQBR;60;10/12/20;16:00:00;3334.0000000;3335.0000000;3300.0000000;3313.0000000;18010
MOEX.QGDO:TQBR;60;10/12/20;17:00:00;3313.0000000;3320.5000000;3273.5000000;3277.0000000;23186
MOEX.QGDO:TQBR;60;10/12/20;18:00:00;3278.0000000;3369.0000000;3273.0000000;3357.0000000;37507
MOEX.QGDO:TQBR;60;10/12/20;19:00:00;3353.5000000;3357.0000000;3267.5000000;3271.0000000;24254
MOEX.QGDO:TQBR;60;10/12/20;20:00:00;3329.0000000;3329.0000000;3271.0000000;3285.0000000;17929
MOEX.QGDO:TQBR;60;10/12/20;21:00:00;3289.0000000;3292.5000000;3276.0000000;3280.5000000;5991
MOEX.QGDO:TQBR;60;10/12/20;22:00:00;3281.5000000;3301.0000000;3278.5000000;3294.5000000;6024
MOEX.QGDO:TQBR;60;10/12/20;23:00:00;3294.5000000;3297.5000000;3281.0000000;3287.0000000;5792
MOEX.QGDO:TQBR;60;11/12/20;00:00:00;3289.5000000;3305.0000000;3283.0000000;3294.0000000;11258
MOEX.QGDO:TQBR;60;11/12/20;11:00:00;3308.0000000;3340.0000000;3268.0000000;3313.0000000;28347
MOEX.QGDO:TQBR;60;11/12/20;12:00:00;3312.5000000;3316.0000000;3282.5000000;3285.0000000;10772
MOEX.QGDO:TQBR;60;11/12/20;13:00:00;3284.0000000;3302.0000000;3284.0000000;3291.5000000;5941
MOEX.QGDO:TQBR;60;11/12/20;14:00:00;3291.5000000;3302.0000000;3290.5000000;3299.5000000;2265
MOEX.QGDO:TQBR;60;11/12/20;15:00:00;3300.0000000;3300.0000000;3275.0000000;3282.5000000;8611
MOEX.QGDO:TQBR;60;11/12/20;16:00:00;3280.5000000;3285.0000000;3276.5000000;3282.0000000;3052
MOEX.QGDO:TQBR;60;11/12/20;17:00:00;3280.5000000;3284.5000000;3275.0000000;3281.0000000;4260
MOEX.QGDO:TQBR;60;11/12/20;18:00:00;3281.0000000;3306.0000000;3230.5000000;3272.0000000;37133
MOEX.QGDO:TQBR;60;11/12/20;19:00:00;3273.0000000;3274.5000000;3181.5000000;3215.0000000;33300
MOEX.QGDO:TQBR;60;11/12/20;20:00:00;3215.0000000;3215.0000000;3126.0000000;3151.0000000;34161
MOEX.QGDO:TQBR;60;11/12/20;21:00:00;3150.0000000;3164.5000000;3106.0000000;3134.5000000;33691
MOEX.QGDO:TQBR;60;11/12/20;22:00:00;3134.0000000;3183.0000000;3129.0000000;3176.0000000;17711
MOEX.QGDO:TQBR;60;11/12/20;23:00:00;3176.0000000;3185.0000000;3170.0000000;3171.5000000;17988
MOEX.QGDO:TQBR;60;12/12/20;00:00:00;3172.0000000;3176.0000000;3156.0000000;3164.5000000;12390
MOEX.QGDO:TQBR;60;14/12/20;11:00:00;3195.0000000;3208.5000000;3110.0000000;3200.0000000;28802
MOEX.QGDO:TQBR;60;14/12/20;12:00:00;3199.0000000;3200.0000000;3150.5000000;3184.0000000;9679
MOEX.QGDO:TQBR;60;14/12/20;13:00:00;3184.0000000;3198.5000000;3170.5000000;3184.5000000;8990
MOEX.QGDO:TQBR;60;14/12/20;14:00:00;3181.5000000;3229.0000000;3181.5000000;3225.0000000;19575
MOEX.QGDO:TQBR;60;14/12/20;15:00:00;3224.5000000;3238.0000000;3220.5000000;3227.5000000;9051
MOEX.QGDO:TQBR;60;14/12/20;16:00:00;3223.0000000;3227.5000000;3203.0000000;3216.0000000;6104
MOEX.QGDO:TQBR;60;14/12/20;17:00:00;3215.5000000;3228.0000000;3210.0000000;3228.0000000;8236
MOEX.QGDO:TQBR;60;14/12/20;18:00:00;3228.0000000;3228.5000000;3012.5000000;3080.5000000;84582
MOEX.QGDO:TQBR;60;14/12/20;19:00:00;3083.0000000;3084.5000000;3029.0000000;3030.0000000;40764
MOEX.QGDO:TQBR;60;14/12/20;20:00:00;3030.0000000;3099.5000000;3020.0000000;3092.5000000;30158
MOEX.QGDO:TQBR;60;14/12/20;21:00:00;3092.0000000;3093.5000000;3064.0000000;3082.5000000;18624
MOEX.QGDO:TQBR;60;14/12/20;22:00:00;3082.0000000;3092.5000000;3075.0000000;3081.5000000;10625
MOEX.QGDO:TQBR;60;14/12/20;23:00:00;3083.5000000;3085.0000000;3054.5000000;3060.0000000;27037
MOEX.QGDO:TQBR;60;15/12/20;00:00:00;3060.0000000;3080.5000000;3060.0000000;3069.0000000;13393
MOEX.QGDO:TQBR;60;15/12/20;11:00:00;3070.0000000;3113.0000000;3040.5000000;3077.0000000;27294
MOEX.QGDO:TQBR;60;15/12/20;12:00:00;3077.0000000;3091.0000000;3061.0000000;3088.0000000;10703
MOEX.QGDO:TQBR;60;15/12/20;13:00:00;3088.0000000;3093.0000000;3070.5000000;3091.5000000;8906
MOEX.QGDO:TQBR;60;15/12/20;14:00:00;3093.0000000;3096.0000000;3081.0000000;3082.5000000;4335
MOEX.QGDO:TQBR;60;15/12/20;15:00:00;3083.0000000;3084.5000000;3073.5000000;3084.0000000;3795
MOEX.QGDO:TQBR;60;15/12/20;16:00:00;3082.0000000;3090.0000000;3077.0000000;3088.5000000;3630
MOEX.QGDO:TQBR;60;15/12/20;17:00:00;3088.5000000;3097.0000000;3087.5000000;3092.0000000;4415
MOEX.QGDO:TQBR;60;15/12/20;18:00:00;3095.0000000;3160.0000000;3083.5000000;3158.5000000;39367
MOEX.QGDO:TQBR;60;15/12/20;19:00:00;3159.5000000;3160.0000000;3115.0000000;3126.0000000;16400
MOEX.QGDO:TQBR;60;15/12/20;20:00:00;3163.5000000;3190.0000000;3140.5000000;3148.0000000;19588
MOEX.QGDO:TQBR;60;15/12/20;21:00:00;3148.0000000;3168.0000000;3132.0000000;3155.0000000;7204
MOEX.QGDO:TQBR;60;15/12/20;22:00:00;3149.5000000;3175.0000000;3141.0000000;3171.0000000;9899
MOEX.QGDO:TQBR;60;15/12/20;23:00:00;3172.0000000;3207.0000000;3157.0000000;3200.5000000;19148
MOEX.QGDO:TQBR;60;16/12/20;00:00:00;3199.0000000;3208.5000000;3183.5000000;3201.0000000;11483
MOEX.QGDO:TQBR;60;16/12/20;11:00:00;3221.5000000;3308.0000000;3202.0000000;3250.0000000;34280
MOEX.QGDO:TQBR;60;16/12/20;12:00:00;3251.5000000;3252.0000000;3234.0000000;3234.0000000;8482
MOEX.QGDO:TQBR;60;16/12/20;13:00:00;3234.5000000;3250.0000000;3234.0000000;3247.0000000;6391
MOEX.QGDO:TQBR;60;16/12/20;14:00:00;3247.5000000;3248.5000000;3237.0000000;3242.0000000;3476
MOEX.QGDO:TQBR;60;16/12/20;15:00:00;3241.5000000;3242.0000000;3236.0000000;3239.0000000;4558
MOEX.QGDO:TQBR;60;16/12/20;16:00:00;3237.0000000;3242.0000000;3170.0000000;3212.5000000;23291
MOEX.QGDO:TQBR;60;16/12/20;17:00:00;3210.5000000;3242.0000000;3203.5000000;3229.5000000;9480
MOEX.QGDO:TQBR;60;16/12/20;18:00:00;3229.5000000;3249.5000000;3168.0000000;3216.0000000;24561
MOEX.QGDO:TQBR;60;16/12/20;19:00:00;3215.5000000;3284.0000000;3214.5000000;3275.0000000;39660
MOEX.QGDO:TQBR;60;16/12/20;20:00:00;3273.5000000;3305.0000000;3243.5000000;3288.0000000;34747
MOEX.QGDO:TQBR;60;16/12/20;21:00:00;3285.0000000;3288.0000000;3280.0000000;3282.0000000;14124
MOEX.QGDO:TQBR;60;16/12/20;22:00:00;3280.5000000;3293.5000000;3270.0000000;3282.5000000;9135
MOEX.QGDO:TQBR;60;16/12/20;23:00:00;3284.0000000;3290.5000000;3270.0000000;3289.5000000;9037
MOEX.QGDO:TQBR;60;17/12/20;00:00:00;3287.5000000;3369.0000000;3286.5000000;3357.0000000;49106
MOEX.QGDO:TQBR;60;17/12/20;11:00:00;3342.0000000;3398.5000000;3330.0000000;3347.5000000;33393
MOEX.QGDO:TQBR;60;17/12/20;12:00:00;3348.5000000;3374.5000000;3320.0000000;3330.5000000;13996
MOEX.QGDO:TQBR;60;17/12/20;13:00:00;3331.0000000;3348.5000000;3322.0000000;3327.0000000;7743
MOEX.QGDO:TQBR;60;17/12/20;14:00:00;3327.0000000;3350.0000000;3327.0000000;3337.0000000;5347
MOEX.QGDO:TQBR;60;17/12/20;15:00:00;3337.0000000;3343.0000000;3330.5000000;3338.0000000;3917
MOEX.QGDO:TQBR;60;17/12/20;16:00:00;3336.0000000;3350.0000000;3333.0000000;3341.0000000;4399
MOEX.QGDO:TQBR;60;17/12/20;17:00:00;3341.5000000;3348.5000000;3333.0000000;3345.0000000;7825
MOEX.QGDO:TQBR;60;17/12/20;18:00:00;3345.5000000;3369.5000000;3275.0000000;3287.0000000;34829
MOEX.QGDO:TQBR;60;17/12/20;19:00:00;3284.5000000;3288.0000000;3181.5000000;3181.5000000;84197
MOEX.QGDO:TQBR;60;17/12/20;20:00:00;3221.0000000;3285.0000000;3210.0000000;3232.5000000;20113
MOEX.QGDO:TQBR;60;17/12/20;21:00:00;3233.5000000;3242.0000000;3222.0000000;3225.0000000;10638
MOEX.QGDO:TQBR;60;17/12/20;22:00:00;3222.5000000;3229.5000000;3209.0000000;3223.5000000;8402
MOEX.QGDO:TQBR;60;17/12/20;23:00:00;3223.5000000;3242.0000000;3215.0000000;3229.5000000;5268
MOEX.QGDO:TQBR;60;18/12/20;00:00:00;3232.5000000;3236.0000000;3210.0000000;3211.5000000;7729
MOEX.QGDO:TQBR;60;18/12/20;11:00:00;3209.5000000;3247.0000000;3209.5000000;3212.5000000;11911
MOEX.QGDO:TQBR;60;18/12/20;12:00:00;3212.5000000;3230.0000000;3186.0000000;3210.0000000;23695
MOEX.QGDO:TQBR;60;18/12/20;13:00:00;3210.0000000;3221.5000000;3209.0000000;3209.5000000;5798
MOEX.QGDO:TQBR;60;18/12/20;14:00:00;3209.5000000;3212.5000000;3190.5000000;3203.5000000;21055
MOEX.QGDO:TQBR;60;18/12/20;15:00:00;3202.0000000;3216.0000000;3200.0000000;3205.5000000;8528
MOEX.QGDO:TQBR;60;18/12/20;16:00:00;3206.0000000;3236.5000000;3206.0000000;3210.0000000;10210
MOEX.QGDO:TQBR;60;18/12/20;17:00:00;3210.0000000;3226.5000000;3193.0000000;3204.5000000;11388
MOEX.QGDO:TQBR;60;18/12/20;18:00:00;3205.0000000;3248.0000000;3180.0000000;3203.0000000;40727
MOEX.QGDO:TQBR;60;18/12/20;19:00:00;3203.5000000;3206.0000000;3131.5000000;3149.0000000;35756
MOEX.QGDO:TQBR;60;18/12/20;20:00:00;3126.0000000;3199.0000000;3119.5000000;3184.0000000;25985
MOEX.QGDO:TQBR;60;18/12/20;21:00:00;3185.0000000;3233.5000000;3150.0000000;3226.5000000;20834
MOEX.QGDO:TQBR;60;18/12/20;22:00:00;3226.5000000;3287.0000000;3210.5000000;3266.0000000;24882
MOEX.QGDO:TQBR;60;18/12/20;23:00:00;3269.5000000;3284.5000000;3260.0000000;3278.0000000;16350
MOEX.QGDO:TQBR;60;19/12/20;00:00:00;3276.0000000;3296.0000000;3260.0000000;3264.5000000;18103
MOEX.QGDO:TQBR;60;21/12/20;11:00:00;3288.0000000;3300.0000000;3190.5000000;3231.5000000;18383
MOEX.QGDO:TQBR;60;21/12/20;12:00:00;3231.0000000;3257.0000000;3226.0000000;3240.0000000;7596
MOEX.QGDO:TQBR;60;21/12/20;13:00:00;3240.0000000;3292.0000000;3237.0000000;3279.5000000;21434
MOEX.QGDO:TQBR;60;21/12/20;14:00:00;3279.0000000;3286.5000000;3179.0000000;3180.5000000;57867
MOEX.QGDO:TQBR;60;21/12/20;15:00:00;3180.5000000;3244.0000000;3178.0000000;3230.0000000;16468
MOEX.QGDO:TQBR;60;21/12/20;16:00:00;3230.0000000;3259.5000000;3224.5000000;3240.0000000;11283
MOEX.QGDO:TQBR;60;21/12/20;17:00:00;3243.0000000;3268.0000000;3231.0000000;3264.0000000;16108
MOEX.QGDO:TQBR;60;21/12/20;18:00:00;3263.0000000;3343.0000000;3233.0000000;3328.5000000;92845
MOEX.QGDO:TQBR;60;21/12/20;19:00:00;3328.5000000;3333.0000000;3253.5000000;3263.0000000;31277
MOEX.QGDO:TQBR;60;21/12/20;20:00:00;3263.0000000;3346.5000000;3251.5000000;3322.5000000;27636
MOEX.QGDO:TQBR;60;21/12/20;21:00:00;3321.5000000;3333.5000000;3277.0000000;3294.0000000;13321
MOEX.QGDO:TQBR;60;21/12/20;22:00:00;3294.0000000;3295.0000000;3263.0000000;3267.5000000;11722
MOEX.QGDO:TQBR;60;21/12/20;23:00:00;3267.5000000;3289.0000000;3260.0000000;3266.5000000;6791
MOEX.QGDO:TQBR;60;22/12/20;00:00:00;3266.5000000;3270.0000000;3264.0000000;3264.0000000;2951
MOEX.QGDO:TQBR;60;22/12/20;11:00:00;3292.5000000;3297.5000000;3259.0000000;3278.5000000;15329
MOEX.QGDO:TQBR;60;22/12/20;12:00:00;3279.5000000;3310.0000000;3278.5000000;3307.5000000;19443
MOEX.QGDO:TQBR;60;22/12/20;13:00:00;3306.0000000;3339.0000000;3302.0000000;3316.5000000;23508
MOEX.QGDO:TQBR;60;22/12/20;14:00:00;3316.5000000;3316.5000000;3284.0000000;3300.0000000;26868
MOEX.QGDO:TQBR;60;22/12/20;15:00:00;3299.0000000;3327.0000000;3299.0000000;3317.0000000;13299
MOEX.QGDO:TQBR;60;22/12/20;16:00:00;3317.5000000;3333.0000000;3315.0000000;3328.0000000;18538
MOEX.QGDO:TQBR;60;22/12/20;17:00:00;3329.0000000;3340.0000000;3315.0000000;3327.0000000;13944
MOEX.QGDO:TQBR;60;22/12/20;18:00:00;3327.0000000;3415.0000000;3324.0000000;3348.5000000;98735
MOEX.QGDO:TQBR;60;22/12/20;19:00:00;3346.5000000;3350.0000000;3283.5000000;3283.5000000;44360
MOEX.QGDO:TQBR;60;22/12/20;20:00:00;3275.0000000;3297.5000000;3209.0000000;3240.0000000;68869
MOEX.QGDO:TQBR;60;22/12/20;21:00:00;3239.5000000;3250.0000000;3223.0000000;3228.0000000;30692
MOEX.QGDO:TQBR;60;22/12/20;22:00:00;3228.0000000;3249.0000000;3217.0000000;3219.5000000;24062
MOEX.QGDO:TQBR;60;22/12/20;23:00:00;3219.5000000;3232.5000000;3219.0000000;3223.0000000;13263
MOEX.QGDO:TQBR;60;23/12/20;00:00:00;3223.0000000;3255.5000000;3221.0000000;3231.0000000;13515
MOEX.QGDO:TQBR;60;23/12/20;11:00:00;3258.0000000;3262.0000000;3222.5000000;3246.5000000;15249
MOEX.QGDO:TQBR;60;23/12/20;12:00:00;3246.5000000;3252.0000000;3241.0000000;3245.0000000;4400
MOEX.QGDO:TQBR;60;23/12/20;13:00:00;3246.0000000;3249.0000000;3241.0000000;3247.5000000;4861
MOEX.QGDO:TQBR;60;23/12/20;14:00:00;3247.0000000;3254.5000000;3244.0000000;3252.5000000;3543
MOEX.QGDO:TQBR;60;23/12/20;15:00:00;3252.0000000;3264.0000000;3246.5000000;3252.5000000;11059
MOEX.QGDO:TQBR;60;23/12/20;16:00:00;3253.0000000;3253.0000000;3216.0000000;3241.0000000;22746
MOEX.QGDO:TQBR;60;23/12/20;17:00:00;3238.0000000;3242.0000000;3217.0000000;3221.0000000;9288
MOEX.QGDO:TQBR;60;23/12/20;18:00:00;3221.0000000;3225.0000000;3150.0000000;3167.0000000;90579
MOEX.QGDO:TQBR;60;23/12/20;19:00:00;3163.0000000;3205.0000000;3160.0000000;3172.5000000;33939
MOEX.QGDO:TQBR;60;23/12/20;20:00:00;3150.0000000;3194.5000000;3131.0000000;3178.0000000;30196
MOEX.QGDO:TQBR;60;23/12/20;21:00:00;3177.0000000;3202.0000000;3170.0000000;3198.0000000;18190
MOEX.QGDO:TQBR;60;23/12/20;22:00:00;3198.0000000;3270.0000000;3197.0000000;3229.0000000;44573
MOEX.QGDO:TQBR;60;23/12/20;23:00:00;3228.5000000;3247.5000000;3220.0000000;3227.0000000;15127
MOEX.QGDO:TQBR;60;24/12/20;00:00:00;3227.0000000;3242.0000000;3208.5000000;3222.0000000;14865
MOEX.QGDO:TQBR;60;24/12/20;11:00:00;3220.0000000;3243.0000000;3201.0000000;3209.0000000;7813
MOEX.QGDO:TQBR;60;24/12/20;12:00:00;3209.0000000;3210.0000000;3201.0000000;3206.0000000;3612
MOEX.QGDO:TQBR;60;24/12/20;13:00:00;3204.5000000;3209.0000000;3177.0000000;3185.0000000;19934
MOEX.QGDO:TQBR;60;24/12/20;14:00:00;3187.0000000;3203.5000000;3178.0000000;3199.5000000;5430
MOEX.QGDO:TQBR;60;24/12/20;15:00:00;3199.5000000;3200.0000000;3195.0000000;3196.0000000;3250
MOEX.QGDO:TQBR;60;24/12/20;16:00:00;3196.0000000;3200.0000000;3195.0000000;3197.5000000;2449
MOEX.QGDO:TQBR;60;24/12/20;17:00:00;3197.0000000;3198.5000000;3185.0000000;3189.5000000;9785
MOEX.QGDO:TQBR;60;24/12/20;18:00:00;3193.0000000;3207.0000000;3162.5000000;3186.5000000;21821
MOEX.QGDO:TQBR;60;24/12/20;19:00:00;3186.5000000;3198.0000000;3168.0000000;3198.0000000;6144
MOEX.QGDO:TQBR;60;24/12/20;20:00:00;3166.0000000;3189.5000000;3152.5000000;3161.0000000;29933
MOEX.QGDO:TQBR;60;24/12/20;21:00:00;3159.0000000;3163.5000000;3108.0000000;3113.0000000;63587
MOEX.QGDO:TQBR;60;24/12/20;22:00:00;3113.5000000;3155.0000000;3113.5000000;3143.5000000;12550
MOEX.QGDO:TQBR;60;24/12/20;23:00:00;3142.0000000;3148.0000000;3137.0000000;3147.0000000;3829
MOEX.QGDO:TQBR;60;25/12/20;00:00:00;3147.0000000;3154.0000000;3141.0000000;3149.0000000;3673
MOEX.QGDO:TQBR;60;25/12/20;11:00:00;3149.0000000;3164.0000000;3130.0000000;3140.0000000;9988
MOEX.QGDO:TQBR;60;25/12/20;12:00:00;3144.5000000;3144.5000000;3135.0000000;3144.0000000;3636
MOEX.QGDO:TQBR;60;25/12/20;13:00:00;3144.0000000;3144.0000000;3132.0000000;3137.0000000;4609
MOEX.QGDO:TQBR;60;25/12/20;14:00:00;3134.5000000;3143.5000000;3132.5000000;3140.0000000;4202
MOEX.QGDO:TQBR;60;25/12/20;15:00:00;3139.5000000;3147.5000000;3139.0000000;3146.5000000;2729
MOEX.QGDO:TQBR;60;25/12/20;16:00:00;3146.5000000;3153.0000000;3144.5000000;3151.0000000;3755
MOEX.QGDO:TQBR;60;25/12/20;17:00:00;3153.0000000;3160.5000000;3151.0000000;3154.5000000;4220
MOEX.QGDO:TQBR;60;25/12/20;18:00:00;3152.5000000;3155.0000000;3151.0000000;3152.0000000;1806
MOEX.QGDO:TQBR;60;25/12/20;19:00:00;3151.0000000;3152.0000000;3150.5000000;3150.5000000;1332
MOEX.QGDO:TQBR;60;25/12/20;20:00:00;3150.5000000;3153.5000000;3140.0000000;3153.0000000;2767
MOEX.QGDO:TQBR;60;25/12/20;21:00:00;3153.0000000;3154.0000000;3149.0000000;3150.5000000;1090
MOEX.QGDO:TQBR;60;25/12/20;22:00:00;3150.5000000;3152.0000000;3148.0000000;3150.5000000;1503
MOEX.QGDO:TQBR;60;25/12/20;23:00:00;3150.5000000;3150.5000000;3148.0000000;3149.5000000;735
MOEX.QGDO:TQBR;60;26/12/20;00:00:00;3149.5000000;3150.5000000;3147.0000000;3150.5000000;2534
MOEX.QGDO:TQBR;60;28/12/20;11:00:00;3167.0000000;3167.0000000;3142.5000000;3151.0000000;11682
MOEX.QGDO:TQBR;60;28/12/20;12:00:00;3151.0000000;3156.0000000;3146.0000000;3152.0000000;5004
MOEX.QGDO:TQBR;60;28/12/20;13:00:00;3153.0000000;3168.0000000;3152.0000000;3167.0000000;8436
MOEX.QGDO:TQBR;60;28/12/20;14:00:00;3167.0000000;3179.5000000;3160.0000000;3165.0000000;6909
MOEX.QGDO:TQBR;60;28/12/20;15:00:00;3164.0000000;3167.5000000;3162.0000000;3164.5000000;1902
MOEX.QGDO:TQBR;60;28/12/20;16:00:00;3166.0000000;3168.0000000;3150.0000000;3159.0000000;5442
MOEX.QGDO:TQBR;60;28/12/20;17:00:00;3158.5000000;3167.5000000;3154.5000000;3165.0000000;3438
MOEX.QGDO:TQBR;60;28/12/20;18:00:00;3165.0000000;3259.5000000;3146.0000000;3227.5000000;86459
MOEX.QGDO:TQBR;60;28/12/20;19:00:00;3225.0000000;3239.5000000;3185.0000000;3209.5000000;27624
MOEX.QGDO:TQBR;60;28/12/20;20:00:00;3245.5000000;3280.0000000;3235.5000000;3243.5000000;35066
MOEX.QGDO:TQBR;60;28/12/20;21:00:00;3243.5000000;3270.0000000;3238.0000000;3257.0000000;24949
MOEX.QGDO:TQBR;60;28/12/20;22:00:00;3258.0000000;3260.0000000;3245.0000000;3259.0000000;7279
MOEX.QGDO:TQBR;60;28/12/20;23:00:00;3259.0000000;3289.5000000;3258.5000000;3274.5000000;32208
MOEX.QGDO:TQBR;60;29/12/20;00:00:00;3276.5000000;3290.5000000;3268.0000000;3290.0000000;19600
MOEX.QGDO:TQBR;60;29/12/20;11:00:00;3293.0000000;3299.0000000;3231.0000000;3251.5000000;15633
MOEX.QGDO:TQBR;60;29/12/20;12:00:00;3251.5000000;3280.0000000;3250.0000000;3258.0000000;8096
MOEX.QGDO:TQBR;60;29/12/20;13:00:00;3260.0000000;3276.5000000;3253.5000000;3259.0000000;5918
MOEX.QGDO:TQBR;60;29/12/20;14:00:00;3260.0000000;3273.5000000;3258.0000000;3271.5000000;3081
MOEX.QGDO:TQBR;60;29/12/20;15:00:00;3271.5000000;3276.5000000;3264.0000000;3273.0000000;3911
MOEX.QGDO:TQBR;60;29/12/20;16:00:00;3273.0000000;3298.0000000;3260.5000000;3285.5000000;14426
MOEX.QGDO:TQBR;60;29/12/20;17:00:00;3285.5000000;3308.5000000;3268.5000000;3290.5000000;11865
MOEX.QGDO:TQBR;60;29/12/20;18:00:00;3290.0000000;3327.5000000;3229.5000000;3235.0000000;45900
MOEX.QGDO:TQBR;60;29/12/20;19:00:00;3239.5000000;3242.0000000;3170.0000000;3242.0000000;50486
MOEX.QGDO:TQBR;60;29/12/20;20:00:00;3240.0000000;3260.0000000;3208.5000000;3237.5000000;14370
MOEX.QGDO:TQBR;60;29/12/20;21:00:00;3233.5000000;3239.5000000;3191.0000000;3200.0000000;17056
MOEX.QGDO:TQBR;60;29/12/20;22:00:00;3203.0000000;3236.5000000;3197.5000000;3219.5000000;12414
MOEX.QGDO:TQBR;60;29/12/20;23:00:00;3218.0000000;3230.0000000;3215.5000000;3219.0000000;2010
MOEX.QGDO:TQBR;60;30/12/20;00:00:00;3220.0000000;3233.0000000;3217.0000000;3232.0000000;3452
MOEX.QGDO:TQBR;60;30/12/20;11:00:00;3225.0000000;3239.0000000;3202.0000000;3228.0000000;5685
MOEX.QGDO:TQBR;60;30/12/20;12:00:00;3228.0000000;3237.0000000;3226.5000000;3230.5000000;3637
MOEX.QGDO:TQBR;60;30/12/20;13:00:00;3228.0000000;3237.5000000;3227.0000000;3233.0000000;2409
MOEX.QGDO:TQBR;60;30/12/20;14:00:00;3235.5000000;3236.0000000;3230.0000000;3233.5000000;1085
MOEX.QGDO:TQBR;60;30/12/20;15:00:00;3233.5000000;3235.0000000;3225.5000000;3227.5000000;2309
MOEX.QGDO:TQBR;60;30/12/20;16:00:00;3230.5000000;3255.0000000;3223.5000000;3250.0000000;9749
MOEX.QGDO:TQBR;60;30/12/20;17:00:00;3247.0000000;3259.5000000;3241.0000000;3258.0000000;8676
MOEX.QGDO:TQBR;60;30/12/20;18:00:00;3259.5000000;3345.0000000;3256.5000000;3325.5000000;109029
MOEX.QGDO:TQBR;60;30/12/20;19:00:00;3325.0000000;3335.0000000;3296.5000000;3316.0000000;25457
MOEX.QGDO:TQBR;60;30/12/20;20:00:00;3316.0000000;3348.0000000;3316.0000000;3331.0000000;25767
MOEX.QGDO:TQBR;60;30/12/20;21:00:00;3333.5000000;3340.0000000;3310.0000000;3314.5000000;7427
MOEX.QGDO:TQBR;60;30/12/20;22:00:00;3314.0000000;3327.0000000;3302.5000000;3324.5000000;4868
MOEX.QGDO:TQBR;60;30/12/20;23:00:00;3324.5000000;3337.0000000;3310.0000000;3313.0000000;6078
MOEX.QGDO:TQBR;60;31/12/20;00:00:00;3313.0000000;3319.5000000;3287.0000000;3289.5000000;8409
MOEX.QGDO:TQBR;60;04/01/21;11:00:00;3260.0000000;3278.0000000;2996.0000000;3258.5000000;73429
MOEX.QGDO:TQBR;60;04/01/21;12:00:00;3259.0000000;3262.5000000;3245.0000000;3252.5000000;9706
MOEX.QGDO:TQBR;60;04/01/21;13:00:00;3251.0000000;3258.5000000;3235.0000000;3239.0000000;23168
MOEX.QGDO:TQBR;60;04/01/21;14:00:00;3239.0000000;3249.5000000;3238.0000000;3246.5000000;6675
MOEX.QGDO:TQBR;60;04/01/21;15:00:00;3246.5000000;3250.0000000;3240.0000000;3243.0000000;5618
MOEX.QGDO:TQBR;60;04/01/21;16:00:00;3242.5000000;3243.5000000;3225.0000000;3235.0000000;17698
MOEX.QGDO:TQBR;60;04/01/21;17:00:00;3233.5000000;3241.0000000;3210.0000000;3228.0000000;28299
MOEX.QGDO:TQBR;60;04/01/21;18:00:00;3231.0000000;3232.5000000;3170.0000000;3193.0000000;107524
MOEX.QGDO:TQBR;60;04/01/21;19:00:00;3193.0000000;3239.5000000;3189.5000000;3239.5000000;33235
MOEX.QGDO:TQBR;60;04/01/21;20:00:00;3238.5000000;3239.5000000;3215.0000000;3235.0000000;10334
MOEX.QGDO:TQBR;60;04/01/21;21:00:00;3235.0000000;3235.0000000;3187.0000000;3209.0000000;23470
MOEX.QGDO:TQBR;60;04/01/21;22:00:00;3209.0000000;3225.0000000;3208.0000000;3219.5000000;7148
MOEX.QGDO:TQBR;60;04/01/21;23:00:00;3219.5000000;3225.0000000;3216.5000000;3225.0000000;7211
MOEX.QGDO:TQBR;60;05/01/21;00:00:00;3225.0000000;3232.0000000;3223.0000000;3229.5000000;9745
MOEX.QGDO:TQBR;60;05/01/21;11:00:00;3238.0000000;3238.0000000;3209.5000000;3218.0000000;7215
MOEX.QGDO:TQBR;60;05/01/21;12:00:00;3219.5000000;3241.5000000;3218.0000000;3240.5000000;12247
MOEX.QGDO:TQBR;60;05/01/21;13:00:00;3240.0000000;3245.0000000;3228.0000000;3239.0000000;6911
MOEX.QGDO:TQBR;60;05/01/21;14:00:00;3239.0000000;3248.0000000;3235.5000000;3244.0000000;6335
MOEX.QGDO:TQBR;60;05/01/21;15:00:00;3243.5000000;3250.0000000;3237.0000000;3248.0000000;5622
MOEX.QGDO:TQBR;60;05/01/21;16:00:00;3248.0000000;3258.0000000;3245.0000000;3251.5000000;9591
MOEX.QGDO:TQBR;60;05/01/21;17:00:00;3253.0000000;3253.0000000;3240.5000000;3245.5000000;4773
MOEX.QGDO:TQBR;60;05/01/21;18:00:00;3246.5000000;3305.5000000;3230.5000000;3305.5000000;91663
MOEX.QGDO:TQBR;60;05/01/21;19:00:00;3305.5000000;3330.0000000;3288.0000000;3321.5000000;53922
MOEX.QGDO:TQBR;60;05/01/21;20:00:00;3380.5000000;3380.5000000;3322.5000000;3333.0000000;34884
MOEX.QGDO:TQBR;60;05/01/21;21:00:00;3333.0000000;3364.0000000;3326.5000000;3356.0000000;19982
MOEX.QGDO:TQBR;60;05/01/21;22:00:00;3355.0000000;3365.0000000;3340.5000000;3345.0000000;15288
MOEX.QGDO:TQBR;60;05/01/21;23:00:00;3342.5000000;3348.0000000;3323.0000000;3336.5000000;6494
MOEX.QGDO:TQBR;60;06/01/21;00:00:00;3339.0000000;3355.5000000;3336.5000000;3348.5000000;6451
MOEX.QGDO:TQBR;60;06/01/21;11:00:00;3325.5000000;3369.5000000;3304.5000000;3339.0000000;11553
MOEX.QGDO:TQBR;60;06/01/21;12:00:00;3340.0000000;3340.0000000;3305.5000000;3314.5000000;6319
MOEX.QGDO:TQBR;60;06/01/21;13:00:00;3314.5000000;3323.5000000;3306.0000000;3319.5000000;5217
MOEX.QGDO:TQBR;60;06/01/21;14:00:00;3323.0000000;3335.0000000;3317.5000000;3332.5000000;2790
MOEX.QGDO:TQBR;60;06/01/21;15:00:00;3332.5000000;3334.0000000;3312.0000000;3318.0000000;3859
MOEX.QGDO:TQBR;60;06/01/21;16:00:00;3318.5000000;3320.5000000;3289.5000000;3291.0000000;6276
MOEX.QGDO:TQBR;60;06/01/21;17:00:00;3290.0000000;3313.0000000;3285.5000000;3313.0000000;3730
MOEX.QGDO:TQBR;60;06/01/21;18:00:00;3311.5000000;3320.0000000;3262.5000000;3309.5000000;20899
MOEX.QGDO:TQBR;60;06/01/21;19:00:00;3309.5000000;3342.0000000;3293.0000000;3342.0000000;18259
MOEX.QGDO:TQBR;60;06/01/21;20:00:00;3324.0000000;3332.0000000;3300.0000000;3303.0000000;12903
MOEX.QGDO:TQBR;60;06/01/21;21:00:00;3304.5000000;3322.0000000;3300.5000000;3310.5000000;3405
MOEX.QGDO:TQBR;60;06/01/21;22:00:00;3311.0000000;3321.5000000;3300.5000000;3311.5000000;3487
MOEX.QGDO:TQBR;60;06/01/21;23:00:00;3311.5000000;3317.5000000;3220.0000000;3276.0000000;39376
MOEX.QGDO:TQBR;60;07/01/21;00:00:00;3275.0000000;3277.5000000;3240.0000000;3257.0000000;18600
MOEX.QGDO:TQBR;60;08/01/21;11:00:00;3321.5000000;3321.5000000;3270.0000000;3300.5000000;21352
MOEX.QGDO:TQBR;60;08/01/21;12:00:00;3301.0000000;3320.0000000;3295.0000000;3304.0000000;22053
MOEX.QGDO:TQBR;60;08/01/21;13:00:00;3304.5000000;3321.0000000;3304.5000000;3308.5000000;8880
MOEX.QGDO:TQBR;60;08/01/21;14:00:00;3308.5000000;3310.0000000;3303.0000000;3308.0000000;3186
MOEX.QGDO:TQBR;60;08/01/21;15:00:00;3306.0000000;3309.0000000;3296.0000000;3300.0000000;5853
MOEX.QGDO:TQBR;60;08/01/21;16:00:00;3300.0000000;3313.0000000;3296.5000000;3305.5000000;4329
MOEX.QGDO:TQBR;60;08/01/21;17:00:00;3306.0000000;3319.5000000;3305.0000000;3312.0000000;3699
MOEX.QGDO:TQBR;60;08/01/21;18:00:00;3316.5000000;3500.0000000;3313.0000000;3496.0000000;173445
MOEX.QGDO:TQBR;60;08/01/21;19:00:00;3496.0000000;3499.0000000;3350.0000000;3361.5000000;87446
MOEX.QGDO:TQBR;60;08/01/21;20:00:00;3361.5000000;3412.0000000;3361.5000000;3395.0000000;27063
MOEX.QGDO:TQBR;60;08/01/21;21:00:00;3392.0000000;3410.0000000;3371.0000000;3378.5000000;16668
MOEX.QGDO:TQBR;60;08/01/21;22:00:00;3381.0000000;3383.5000000;3301.5000000;3341.5000000;21047
MOEX.QGDO:TQBR;60;08/01/21;23:00:00;3342.0000000;3364.0000000;3335.0000000;3354.5000000;7234
MOEX.QGDO:TQBR;60;09/01/21;00:00:00;3357.5000000;3396.0000000;3352.5000000;3376.5000000;12485
MOEX.QGDO:TQBR;60;11/01/21;11:00:00;3370.0000000;3376.0000000;3333.0000000;3352.5000000;14460
MOEX.QGDO:TQBR;60;11/01/21;12:00:00;3352.5000000;3399.0000000;3352.5000000;3398.5000000;11543
MOEX.QGDO:TQBR;60;11/01/21;13:00:00;3397.0000000;3398.5000000;3385.0000000;3395.0000000;5711
MOEX.QGDO:TQBR;60;11/01/21;14:00:00;3394.0000000;3397.0000000;3383.5000000;3389.5000000;6376
MOEX.QGDO:TQBR;60;11/01/21;15:00:00;3389.5000000;3390.0000000;3375.5000000;3384.0000000;7890
MOEX.QGDO:TQBR;60;11/01/21;16:00:00;3384.0000000;3426.0000000;3383.0000000;3394.5000000;11595
MOEX.QGDO:TQBR;60;11/01/21;17:00:00;3394.5000000;3398.5000000;3359.0000000;3360.0000000;13923
MOEX.QGDO:TQBR;60;11/01/21;18:00:00;3360.5000000;3397.0000000;3330.0000000;3374.5000000;28801
MOEX.QGDO:TQBR;60;11/01/21;19:00:00;3376.0000000;3384.0000000;3352.5000000;3361.0000000;5117
MOEX.QGDO:TQBR;60;11/01/21;20:00:00;3352.0000000;3359.5000000;3336.0000000;3352.0000000;7073
MOEX.QGDO:TQBR;60;11/01/21;21:00:00;3352.0000000;3361.5000000;3348.0000000;3355.0000000;3177
MOEX.QGDO:TQBR;60;11/01/21;22:00:00;3354.5000000;3356.0000000;3334.5000000;3345.5000000;4956
MOEX.QGDO:TQBR;60;11/01/21;23:00:00;3343.0000000;3370.0000000;3333.0000000;3367.0000000;6275
MOEX.QGDO:TQBR;60;12/01/21;00:00:00;3366.5000000;3413.0000000;3366.0000000;3382.0000000;16997
MOEX.QGDO:TQBR;60;12/01/21;11:00:00;3375.0000000;3397.0000000;3370.0000000;3389.0000000;7491
MOEX.QGDO:TQBR;60;12/01/21;12:00:00;3389.5000000;3390.0000000;3381.0000000;3388.5000000;3055
MOEX.QGDO:TQBR;60;12/01/21;13:00:00;3388.5000000;3390.0000000;3370.0000000;3375.0000000;4515
MOEX.QGDO:TQBR;60;12/01/21;14:00:00;3377.0000000;3379.5000000;3371.0000000;3372.5000000;1836
MOEX.QGDO:TQBR;60;12/01/21;15:00:00;3375.0000000;3375.5000000;3370.5000000;3373.5000000;1836
MOEX.QGDO:TQBR;60;12/01/21;16:00:00;3374.0000000;3376.5000000;3367.0000000;3367.5000000;1482
MOEX.QGDO:TQBR;60;12/01/21;17:00:00;3367.5000000;3372.5000000;3360.0000000;3360.0000000;5462
MOEX.QGDO:TQBR;60;12/01/21;18:00:00;3361.5000000;3385.0000000;3345.0000000;3362.0000000;20733
MOEX.QGDO:TQBR;60;12/01/21;19:00:00;3364.5000000;3406.5000000;3345.5000000;3406.5000000;20890
MOEX.QGDO:TQBR;60;12/01/21;20:00:00;3500.5000000;3546.0000000;3454.0000000;3532.0000000;129228
MOEX.QGDO:TQBR;60;12/01/21;21:00:00;3530.0000000;3572.0000000;3511.5000000;3536.0000000;64071
MOEX.QGDO:TQBR;60;12/01/21;22:00:00;3536.0000000;3542.0000000;3508.0000000;3518.0000000;17415
MOEX.QGDO:TQBR;60;12/01/21;23:00:00;3516.5000000;3540.0000000;3450.0000000;3453.0000000;24687
MOEX.QGDO:TQBR;60;13/01/21;00:00:00;3456.5000000;3533.0000000;3454.0000000;3530.5000000;13585
MOEX.QGDO:TQBR;60;13/01/21;11:00:00;3502.5000000;3544.5000000;3476.0000000;3499.0000000;29185
MOEX.QGDO:TQBR;60;13/01/21;12:00:00;3499.0000000;3509.5000000;3495.0000000;3500.0000000;9758
MOEX.QGDO:TQBR;60;13/01/21;13:00:00;3499.0000000;3519.0000000;3494.0000000;3505.0000000;6020
MOEX.QGDO:TQBR;60;13/01/21;14:00:00;3505.0000000;3529.5000000;3505.0000000;3511.5000000;5680
MOEX.QGDO:TQBR;60;13/01/21;15:00:00;3512.0000000;3524.0000000;3508.5000000;3520.0000000;3629
MOEX.QGDO:TQBR;60;13/01/21;16:00:00;3520.5000000;3529.5000000;3503.5000000;3510.5000000;6806
MOEX.QGDO:TQBR;60;13/01/21;17:00:00;3510.5000000;3515.5000000;3482.0000000;3497.0000000;7672
MOEX.QGDO:TQBR;60;13/01/21;18:00:00;3494.5000000;3600.0000000;3486.0000000;3557.0000000;50324
MOEX.QGDO:TQBR;60;13/01/21;19:00:00;3556.5000000;3565.5000000;3510.0000000;3538.5000000;22449
MOEX.QGDO:TQBR;60;13/01/21;20:00:00;3542.0000000;3559.0000000;3460.0000000;3475.0000000;27491
MOEX.QGDO:TQBR;60;13/01/21;21:00:00;3475.0000000;3500.0000000;3470.0000000;3482.5000000;11632
MOEX.QGDO:TQBR;60;13/01/21;22:00:00;3485.5000000;3500.0000000;3476.0000000;3490.5000000;5429
MOEX.QGDO:TQBR;60;13/01/21;23:00:00;3490.0000000;3500.0000000;3481.0000000;3490.0000000;2658
MOEX.QGDO:TQBR;60;14/01/21;00:00:00;3490.5000000;3498.5000000;3487.0000000;3491.0000000;3034
MOEX.QGDO:TQBR;60;14/01/21;11:00:00;3526.0000000;3527.0000000;3460.5000000;3481.5000000;11899
MOEX.QGDO:TQBR;60;14/01/21;12:00:00;3480.5000000;3493.5000000;3465.0000000;3492.0000000;2629
MOEX.QGDO:TQBR;60;14/01/21;13:00:00;3491.5000000;3492.5000000;3475.0000000;3487.0000000;3597
MOEX.QGDO:TQBR;60;14/01/21;14:00:00;3485.0000000;3491.5000000;3473.0000000;3482.0000000;5464
MOEX.QGDO:TQBR;60;14/01/21;15:00:00;3482.0000000;3485.0000000;3472.5000000;3483.5000000;2897
MOEX.QGDO:TQBR;60;14/01/21;16:00:00;3482.0000000;3486.5000000;3475.5000000;3480.0000000;3579
MOEX.QGDO:TQBR;60;14/01/21;17:00:00;3482.5000000;3523.0000000;3482.0000000;3506.5000000;5938
MOEX.QGDO:TQBR;60;14/01/21;18:00:00;3508.0000000;3613.0000000;3508.0000000;3563.5000000;72639
MOEX.QGDO:TQBR;60;14/01/21;19:00:00;3563.5000000;3575.0000000;3509.5000000;3510.5000000;17197
MOEX.QGDO:TQBR;60;14/01/21;20:00:00;3485.5000000;3536.5000000;3475.0000000;3536.5000000;18445
MOEX.QGDO:TQBR;60;14/01/21;21:00:00;3536.5000000;3608.5000000;3532.5000000;3570.0000000;39600
MOEX.QGDO:TQBR;60;14/01/21;22:00:00;3569.0000000;3684.5000000;3566.0000000;3641.0000000;50600
MOEX.QGDO:TQBR;60;14/01/21;23:00:00;3641.0000000;3696.0000000;3626.0000000;3682.0000000;33364
MOEX.QGDO:TQBR;60;15/01/21;00:00:00;3682.5000000;3691.5000000;3607.0000000;3636.5000000;18473
MOEX.QGDO:TQBR;60;15/01/21;11:00:00;3620.0000000;3639.5000000;3582.5000000;3620.0000000;14907
MOEX.QGDO:TQBR;60;15/01/21;12:00:00;3621.5000000;3632.0000000;3609.0000000;3625.5000000;6167
MOEX.QGDO:TQBR;60;15/01/21;13:00:00;3625.0000000;3630.5000000;3614.0000000;3618.0000000;3420
MOEX.QGDO:TQBR;60;15/01/21;14:00:00;3618.0000000;3626.0000000;3615.0000000;3620.0000000;2359
MOEX.QGDO:TQBR;60;15/01/21;15:00:00;3618.5000000;3628.0000000;3617.0000000;3624.5000000;4034
MOEX.QGDO:TQBR;60;15/01/21;16:00:00;3624.5000000;3626.0000000;3621.0000000;3625.0000000;3548
MOEX.QGDO:TQBR;60;15/01/21;17:00:00;3625.0000000;3625.5000000;3590.5000000;3604.5000000;21391
MOEX.QGDO:TQBR;60;15/01/21;18:00:00;3602.0000000;3650.0000000;3591.0000000;3620.0000000;58199
MOEX.QGDO:TQBR;60;15/01/21;19:00:00;3618.0000000;3627.0000000;3485.0000000;3548.5000000;57205
MOEX.QGDO:TQBR;60;15/01/21;20:00:00;3571.5000000;4002.5000000;3565.0000000;3779.0000000;106801
MOEX.QGDO:TQBR;60;15/01/21;21:00:00;3779.0000000;3784.0000000;3679.5000000;3747.0000000;46167
MOEX.QGDO:TQBR;60;15/01/21;22:00:00;3747.0000000;3810.0000000;3732.0000000;3806.0000000;46261
MOEX.QGDO:TQBR;60;15/01/21;23:00:00;3805.5000000;3830.0000000;3761.0000000;3770.5000000;32416
MOEX.QGDO:TQBR;60;16/01/21;00:00:00;3770.5000000;3823.5000000;3750.0000000;3805.5000000;20699
MOEX.QGDO:TQBR;60;18/01/21;11:00:00;3815.5000000;3829.5000000;3722.5000000;3750.0000000;21507
MOEX.QGDO:TQBR;60;18/01/21;12:00:00;3750.0000000;3775.0000000;3749.0000000;3763.5000000;13216
MOEX.QGDO:TQBR;60;18/01/21;13:00:00;3763.0000000;3775.0000000;3761.5000000;3774.0000000;6369
MOEX.QGDO:TQBR;60;18/01/21;14:00:00;3773.0000000;3825.0000000;3770.0000000;3797.0000000;10199
MOEX.QGDO:TQBR;60;18/01/21;15:00:00;3797.0000000;3839.5000000;3787.0000000;3797.5000000;23931
MOEX.QGDO:TQBR;60;18/01/21;16:00:00;3799.0000000;3812.0000000;3780.5000000;3811.5000000;10872
MOEX.QGDO:TQBR;60;18/01/21;17:00:00;3810.0000000;3812.0000000;3792.0000000;3800.0000000;8265
MOEX.QGDO:TQBR;60;18/01/21;18:00:00;3800.0000000;3815.5000000;3784.5000000;3800.0000000;7949
MOEX.QGDO:TQBR;60;18/01/21;19:00:00;3800.0000000;3805.0000000;3784.5000000;3787.5000000;5355
MOEX.QGDO:TQBR;60;18/01/21;20:00:00;3787.0000000;3809.0000000;3763.5000000;3801.5000000;7315
MOEX.QGDO:TQBR;60;18/01/21;21:00:00;3804.0000000;3819.5000000;3800.0000000;3806.0000000;5787
MOEX.QGDO:TQBR;60;18/01/21;22:00:00;3805.0000000;3805.0000000;3795.0000000;3799.0000000;1723
MOEX.QGDO:TQBR;60;18/01/21;23:00:00;3797.0000000;3809.0000000;3794.0000000;3805.0000000;1742
MOEX.QGDO:TQBR;60;19/01/21;00:00:00;3805.0000000;3809.0000000;3794.0000000;3795.0000000;1621
MOEX.QGDO:TQBR;60;19/01/21;11:00:00;3840.5000000;3869.0000000;3814.5000000;3844.5000000;14146
MOEX.QGDO:TQBR;60;19/01/21;12:00:00;3843.5000000;3845.0000000;3820.5000000;3826.0000000;8600
MOEX.QGDO:TQBR;60;19/01/21;13:00:00;3826.0000000;3848.5000000;3825.0000000;3839.5000000;8395
MOEX.QGDO:TQBR;60;19/01/21;14:00:00;3840.0000000;3874.0000000;3839.5000000;3872.0000000;17431
MOEX.QGDO:TQBR;60;19/01/21;15:00:00;3871.0000000;3872.0000000;3852.0000000;3858.5000000;8437
MOEX.QGDO:TQBR;60;19/01/21;16:00:00;3859.0000000;3860.0000000;3825.0000000;3830.0000000;16833
MOEX.QGDO:TQBR;60;19/01/21;17:00:00;3830.5000000;3849.5000000;3823.0000000;3831.0000000;9559
MOEX.QGDO:TQBR;60;19/01/21;18:00:00;3830.0000000;3990.0000000;3825.0000000;3908.0000000;201182
MOEX.QGDO:TQBR;60;19/01/21;19:00:00;3908.0000000;3953.5000000;3907.0000000;3929.0000000;67290
MOEX.QGDO:TQBR;60;19/01/21;20:00:00;4041.0000000;4150.0000000;4012.0000000;4078.0000000;106912
MOEX.QGDO:TQBR;60;19/01/21;21:00:00;4077.5000000;4082.0000000;3960.0000000;3993.0000000;29280
MOEX.QGDO:TQBR;60;19/01/21;22:00:00;3995.5000000;3999.5000000;3928.0000000;3966.0000000;23530
MOEX.QGDO:TQBR;60;19/01/21;23:00:00;3968.0000000;3999.5000000;3952.0000000;3984.5000000;9939
MOEX.QGDO:TQBR;60;20/01/21;00:00:00;3986.0000000;3993.5000000;3971.5000000;3972.0000000;4728
MOEX.QGDO:TQBR;60;20/01/21;11:00:00;3955.0000000;4093.0000000;3948.0000000;4052.0000000;71938
MOEX.QGDO:TQBR;60;20/01/21;12:00:00;4050.5000000;4061.0000000;4040.0000000;4055.5000000;30749
MOEX.QGDO:TQBR;60;20/01/21;13:00:00;4055.0000000;4066.5000000;4044.0000000;4065.5000000;11323
MOEX.QGDO:TQBR;60;20/01/21;14:00:00;4065.0000000;4066.5000000;4050.5000000;4060.0000000;8848
MOEX.QGDO:TQBR;60;20/01/21;15:00:00;4062.0000000;4065.0000000;4056.0000000;4063.0000000;13353
MOEX.QGDO:TQBR;60;20/01/21;16:00:00;4064.0000000;4066.5000000;4056.0000000;4059.0000000;17961
MOEX.QGDO:TQBR;60;20/01/21;17:00:00;4059.0000000;4060.0000000;4053.0000000;4060.0000000;17033
MOEX.QGDO:TQBR;60;20/01/21;18:00:00;4060.0000000;4166.0000000;4058.0000000;4164.5000000;84282
MOEX.QGDO:TQBR;60;20/01/21;19:00:00;4163.5000000;4190.0000000;4080.0000000;4080.0000000;122183
MOEX.QGDO:TQBR;60;20/01/21;20:00:00;4005.0000000;4093.5000000;3975.0000000;4008.5000000;48612
MOEX.QGDO:TQBR;60;20/01/21;21:00:00;4008.5000000;4049.0000000;4001.0000000;4030.5000000;13556
MOEX.QGDO:TQBR;60;20/01/21;22:00:00;4030.5000000;4057.5000000;4026.5000000;4047.5000000;5898
MOEX.QGDO:TQBR;60;20/01/21;23:00:00;4047.5000000;4069.0000000;4039.0000000;4041.5000000;7149
MOEX.QGDO:TQBR;60;21/01/21;00:00:00;4045.0000000;4050.0000000;4001.0000000;4001.0000000;8053
MOEX.QGDO:TQBR;60;21/01/21;11:00:00;4025.0000000;4094.0000000;4015.0000000;4058.0000000;32844
MOEX.QGDO:TQBR;60;21/01/21;12:00:00;4060.0000000;4060.5000000;3872.5000000;3889.0000000;65612
MOEX.QGDO:TQBR;60;21/01/21;13:00:00;3894.5000000;3990.5000000;3890.5000000;3984.0000000;26938
MOEX.QGDO:TQBR;60;21/01/21;14:00:00;3983.5000000;4022.0000000;3980.0000000;4012.0000000;14284
MOEX.QGDO:TQBR;60;21/01/21;15:00:00;4012.5000000;4012.5000000;3952.0000000;3966.5000000;16971
MOEX.QGDO:TQBR;60;21/01/21;16:00:00;3964.0000000;3994.0000000;3951.5000000;3983.5000000;8376
MOEX.QGDO:TQBR;60;21/01/21;17:00:00;3981.5000000;4000.0000000;3973.5000000;3999.0000000;6089
MOEX.QGDO:TQBR;60;21/01/21;18:00:00;3999.0000000;4170.0000000;3996.0000000;4040.0000000;96768
MOEX.QGDO:TQBR;60;21/01/21;19:00:00;4040.0000000;4170.0000000;4039.5000000;4170.0000000;56732
MOEX.QGDO:TQBR;60;21/01/21;20:00:00;4197.0000000;4199.0000000;4100.0000000;4110.0000000;39413
MOEX.QGDO:TQBR;60;21/01/21;21:00:00;4110.5000000;4116.0000000;4043.0000000;4070.0000000;26138
MOEX.QGDO:TQBR;60;21/01/21;22:00:00;4069.0000000;4100.0000000;4056.0000000;4088.5000000;8489
MOEX.QGDO:TQBR;60;21/01/21;23:00:00;4088.5000000;4099.0000000;4076.5000000;4079.5000000;8208
MOEX.QGDO:TQBR;60;22/01/21;00:00:00;4079.5000000;4089.0000000;4053.0000000;4057.0000000;9797
MOEX.QGDO:TQBR;60;22/01/21;11:00:00;4069.0000000;4120.0000000;4025.5000000;4107.0000000;29660
MOEX.QGDO:TQBR;60;22/01/21;12:00:00;4107.0000000;4136.0000000;4100.5000000;4107.0000000;17745
MOEX.QGDO:TQBR;60;22/01/21;13:00:00;4105.0000000;4135.0000000;4079.5000000;4108.0000000;29829
MOEX.QGDO:TQBR;60;22/01/21;14:00:00;4106.0000000;4115.5000000;4070.0000000;4089.5000000;14822
MOEX.QGDO:TQBR;60;22/01/21;15:00:00;4088.0000000;4096.0000000;4070.0000000;4080.0000000;8411
MOEX.QGDO:TQBR;60;22/01/21;16:00:00;4081.0000000;4128.0000000;4076.5000000;4124.5000000;50416
MOEX.QGDO:TQBR;60;22/01/21;17:00:00;4124.5000000;4129.5000000;4111.5000000;4126.0000000;13616
MOEX.QGDO:TQBR;60;22/01/21;18:00:00;4126.5000000;4165.0000000;4078.0000000;4087.0000000;68585
MOEX.QGDO:TQBR;60;22/01/21;19:00:00;4087.5000000;4114.0000000;3982.0000000;4033.5000000;86946
MOEX.QGDO:TQBR;60;22/01/21;20:00:00;3944.5000000;4035.0000000;3934.0000000;3985.0000000;55719
MOEX.QGDO:TQBR;60;22/01/21;21:00:00;3986.0000000;3996.0000000;3940.0000000;3941.0000000;26953
MOEX.QGDO:TQBR;60;22/01/21;22:00:00;3942.5000000;3958.0000000;3868.0000000;3918.0000000;25052
MOEX.QGDO:TQBR;60;22/01/21;23:00:00;3918.5000000;3974.5000000;3850.0000000;3974.5000000;27373
MOEX.QGDO:TQBR;60;23/01/21;00:00:00;3972.5000000;3997.0000000;3944.5000000;3980.0000000;17376
MOEX.QGDO:TQBR;60;25/01/21;11:00:00;3999.0000000;4030.0000000;3951.0000000;4023.5000000;23543
MOEX.QGDO:TQBR;60;25/01/21;12:00:00;4026.5000000;4045.0000000;4011.5000000;4036.0000000;14084
MOEX.QGDO:TQBR;60;25/01/21;13:00:00;4035.0000000;4049.0000000;4035.0000000;4047.0000000;8137
MOEX.QGDO:TQBR;60;25/01/21;14:00:00;4045.5000000;4067.0000000;4039.5000000;4050.5000000;11377
MOEX.QGDO:TQBR;60;25/01/21;15:00:00;4053.0000000;4060.0000000;4044.0000000;4050.0000000;6262
MOEX.QGDO:TQBR;60;25/01/21;16:00:00;4050.0000000;4064.5000000;4050.0000000;4061.0000000;5093
MOEX.QGDO:TQBR;60;25/01/21;17:00:00;4062.0000000;4066.0000000;4053.0000000;4060.0000000;11726
MOEX.QGDO:TQBR;60;25/01/21;18:00:00;4060.0000000;4184.5000000;4045.5000000;4161.0000000;107134
MOEX.QGDO:TQBR;60;25/01/21;19:00:00;4161.0000000;4189.0000000;4090.5000000;4113.0000000;35996
MOEX.QGDO:TQBR;60;25/01/21;20:00:00;3992.5000000;4035.5000000;3930.0000000;4007.0000000;91025
MOEX.QGDO:TQBR;60;25/01/21;21:00:00;4007.0000000;4020.0000000;3990.0000000;4018.0000000;13948
MOEX.QGDO:TQBR;60;25/01/21;22:00:00;4016.0000000;4044.0000000;4016.0000000;4023.5000000;11049
MOEX.QGDO:TQBR;60;25/01/21;23:00:00;4025.0000000;4050.5000000;4009.5000000;4025.0000000;12807
MOEX.QGDO:TQBR;60;26/01/21;00:00:00;4027.5000000;4032.5000000;4008.5000000;4014.5000000;14782
MOEX.QGDO:TQBR;60;26/01/21;11:00:00;4028.0000000;4059.5000000;3995.0000000;4038.0000000;17008
MOEX.QGDO:TQBR;60;26/01/21;12:00:00;4037.5000000;4053.0000000;4017.0000000;4053.0000000;10960
MOEX.QGDO:TQBR;60;26/01/21;13:00:00;4050.5000000;4070.0000000;4033.5000000;4060.5000000;10699
MOEX.QGDO:TQBR;60;26/01/21;14:00:00;4056.5000000;4060.5000000;4048.0000000;4057.0000000;2710
MOEX.QGDO:TQBR;60;26/01/21;15:00:00;4057.0000000;4060.5000000;4046.5000000;4050.5000000;7739
MOEX.QGDO:TQBR;60;26/01/21;16:00:00;4050.5000000;4069.5000000;4048.0000000;4068.0000000;5916
MOEX.QGDO:TQBR;60;26/01/21;17:00:00;4068.0000000;4078.5000000;4048.0000000;4063.5000000;12213
MOEX.QGDO:TQBR;60;26/01/21;18:00:00;4063.5000000;4089.0000000;3975.0000000;3999.0000000;58505
MOEX.QGDO:TQBR;60;26/01/21;19:00:00;3998.0000000;4017.0000000;3978.0000000;3978.0000000;17669
MOEX.QGDO:TQBR;60;26/01/21;20:00:00;3921.5000000;3992.5000000;3910.0000000;3930.0000000;48521
MOEX.QGDO:TQBR;60;26/01/21;21:00:00;3930.0000000;3972.5000000;3922.0000000;3947.5000000;22100
MOEX.QGDO:TQBR;60;26/01/21;22:00:00;3945.0000000;3948.0000000;3909.0000000;3916.0000000;18186
MOEX.QGDO:TQBR;60;26/01/21;23:00:00;3915.5000000;3925.0000000;3910.0000000;3916.0000000;14949
MOEX.QGDO:TQBR;60;27/01/21;00:00:00;3916.0000000;3922.0000000;3900.0000000;3901.0000000;24417
MOEX.QGDO:TQBR;60;27/01/21;11:00:00;3929.0000000;3949.5000000;3908.0000000;3941.0000000;18930
MOEX.QGDO:TQBR;60;27/01/21;12:00:00;3940.5000000;3952.0000000;3940.5000000;3941.5000000;17405
MOEX.QGDO:TQBR;60;27/01/21;13:00:00;3942.5000000;3946.5000000;3940.5000000;3943.5000000;6293
MOEX.QGDO:TQBR;60;27/01/21;14:00:00;3943.0000000;3946.0000000;3940.5000000;3943.0000000;2429
MOEX.QGDO:TQBR;60;27/01/21;15:00:00;3943.0000000;3944.0000000;3921.0000000;3924.0000000;9935
MOEX.QGDO:TQBR;60;27/01/21;16:00:00;3923.0000000;3929.5000000;3750.5000000;3806.0000000;76666
MOEX.QGDO:TQBR;60;27/01/21;17:00:00;3809.0000000;3818.0000000;3762.5000000;3779.0000000;42561
MOEX.QGDO:TQBR;60;27/01/21;18:00:00;3779.0000000;3805.0000000;3652.5000000;3717.5000000;137056
MOEX.QGDO:TQBR;60;27/01/21;19:00:00;3717.5000000;3798.0000000;3716.0000000;3738.0000000;78452
MOEX.QGDO:TQBR;60;27/01/21;20:00:00;3741.5000000;3761.5000000;3701.5000000;3707.5000000;35932
MOEX.QGDO:TQBR;60;27/01/21;21:00:00;3708.5000000;3739.0000000;3690.0000000;3721.5000000;32071
MOEX.QGDO:TQBR;60;27/01/21;22:00:00;3721.0000000;3731.5000000;3697.0000000;3702.0000000;22715
MOEX.QGDO:TQBR;60;27/01/21;23:00:00;3702.0000000;3703.5000000;3594.0000000;3605.0000000;90210
MOEX.QGDO:TQBR;60;28/01/21;00:00:00;3607.0000000;3616.0000000;3532.5000000;3560.5000000;68514
MOEX.QGDO:TQBR;60;28/01/21;11:00:00;3580.0000000;3634.0000000;3512.5000000;3603.5000000;50055
MOEX.QGDO:TQBR;60;28/01/21;12:00:00;3605.0000000;3643.5000000;3578.0000000;3587.0000000;46694
MOEX.QGDO:TQBR;60;28/01/21;13:00:00;3588.5000000;3605.0000000;3552.0000000;3591.0000000;47113
MOEX.QGDO:TQBR;60;28/01/21;14:00:00;3591.0000000;3622.5000000;3580.0000000;3621.0000000;31104
MOEX.QGDO:TQBR;60;28/01/21;15:00:00;3622.0000000;3636.5000000;3616.5000000;3630.0000000;24700
MOEX.QGDO:TQBR;60;28/01/21;16:00:00;3630.0000000;3658.0000000;3614.5000000;3654.0000000;56530
MOEX.QGDO:TQBR;60;28/01/21;17:00:00;3652.0000000;3655.0000000;3617.0000000;3647.0000000;22605
MOEX.QGDO:TQBR;60;28/01/21;18:00:00;3649.5000000;3790.0000000;3645.5000000;3740.0000000;107227
MOEX.QGDO:TQBR;60;28/01/21;19:00:00;3736.5000000;3822.0000000;3736.5000000;3810.0000000;66458
MOEX.QGDO:TQBR;60;28/01/21;20:00:00;3772.0000000;3779.0000000;3736.0000000;3755.0000000;28548
MOEX.QGDO:TQBR;60;28/01/21;21:00:00;3754.5000000;3800.0000000;3742.5000000;3774.0000000;33193
MOEX.QGDO:TQBR;60;28/01/21;22:00:00;3774.0000000;3846.0000000;3771.0000000;3841.5000000;30678
MOEX.QGDO:TQBR;60;28/01/21;23:00:00;3841.0000000;3881.5000000;3828.0000000;3865.0000000;28275
MOEX.QGDO:TQBR;60;29/01/21;00:00:00;3864.5000000;3880.0000000;3826.0000000;3846.0000000;22256
MOEX.QGDO:TQBR;60;29/01/21;11:00:00;3815.5000000;3828.5000000;3762.0000000;3783.0000000;34414
MOEX.QGDO:TQBR;60;29/01/21;12:00:00;3783.0000000;3801.5000000;3765.5000000;3785.0000000;21969
MOEX.QGDO:TQBR;60;29/01/21;13:00:00;3785.0000000;3797.0000000;3784.0000000;3787.0000000;9884
MOEX.QGDO:TQBR;60;29/01/21;14:00:00;3785.0000000;3790.0000000;3780.0000000;3783.5000000;3741
MOEX.QGDO:TQBR;60;29/01/21;15:00:00;3784.0000000;3790.0000000;3781.5000000;3785.0000000;5430
MOEX.QGDO:TQBR;60;29/01/21;16:00:00;3788.0000000;3790.0000000;3755.0000000;3764.5000000;10680
MOEX.QGDO:TQBR;60;29/01/21;17:00:00;3768.0000000;3779.5000000;3740.5000000;3750.0000000;23158
MOEX.QGDO:TQBR;60;29/01/21;18:00:00;3750.0000000;3800.0000000;3731.0000000;3790.0000000;35620
MOEX.QGDO:TQBR;60;29/01/21;19:00:00;3789.0000000;3850.0000000;3783.0000000;3820.0000000;42119
MOEX.QGDO:TQBR;60;29/01/21;20:00:00;3825.0000000;3869.0000000;3809.0000000;3817.0000000;19691
MOEX.QGDO:TQBR;60;29/01/21;21:00:00;3817.0000000;3846.5000000;3767.0000000;3774.5000000;17226
MOEX.QGDO:TQBR;60;29/01/21;22:00:00;3770.5000000;3798.5000000;3706.0000000;3735.0000000;15318
MOEX.QGDO:TQBR;60;29/01/21;23:00:00;3738.0000000;3750.0000000;3721.5000000;3726.0000000;14643
MOEX.QGDO:TQBR;60;30/01/21;00:00:00;3725.5000000;3737.5000000;3568.0000000;3662.0000000;67428
MOEX.QGDO:TQBR;60;01/02/21;11:00:00;3700.5000000;3769.5000000;3678.0000000;3743.0000000;27906
MOEX.QGDO:TQBR;60;01/02/21;12:00:00;3741.0000000;3779.5000000;3727.0000000;3779.5000000;29928
MOEX.QGDO:TQBR;60;01/02/21;13:00:00;3779.0000000;3818.0000000;3756.0000000;3798.0000000;25454
MOEX.QGDO:TQBR;60;01/02/21;14:00:00;3799.0000000;3804.0000000;3788.0000000;3800.5000000;5542
MOEX.QGDO:TQBR;60;01/02/21;15:00:00;3800.5000000;3819.0000000;3800.0000000;3811.5000000;10357
MOEX.QGDO:TQBR;60;01/02/21;16:00:00;3812.0000000;3812.5000000;3801.0000000;3803.0000000;7433
MOEX.QGDO:TQBR;60;01/02/21;17:00:00;3803.0000000;3807.0000000;3761.5000000;3775.5000000;12440
MOEX.QGDO:TQBR;60;01/02/21;18:00:00;3775.0000000;3848.0000000;3768.5000000;3818.5000000;55563
MOEX.QGDO:TQBR;60;01/02/21;19:00:00;3818.0000000;3842.0000000;3788.0000000;3796.0000000;17409
MOEX.QGDO:TQBR;60;01/02/21;20:00:00;3830.0000000;3840.0000000;3810.0000000;3836.5000000;15817
MOEX.QGDO:TQBR;60;01/02/21;21:00:00;3837.0000000;3842.0000000;3831.0000000;3839.0000000;10499
MOEX.QGDO:TQBR;60;01/02/21;22:00:00;3839.0000000;3845.0000000;3820.0000000;3839.0000000;9116
MOEX.QGDO:TQBR;60;01/02/21;23:00:00;3837.0000000;3839.5000000;3820.0000000;3834.5000000;5430
MOEX.QGDO:TQBR;60;02/02/21;00:00:00;3837.0000000;3877.0000000;3834.5000000;3867.5000000;34194
